<?xml version="1.0" encoding="UTF-8"?>

<!-- generated on Mon Dec 30 06:17:43 2019 by Eclipse SUMO duarouter Version v1_4_0+0287-b14111e43d
<configuration xmlns:xsi="http://www.w3.org/2001/XMLSchema-instance" xsi:noNamespaceSchemaLocation="http://sumo.dlr.de/xsd/duarouterConfiguration.xsd">

    <input>
        <net-file value="/home/randd/sumo/tools/2019-12-30-06-17-39/osm.net.xml"/>
        <route-files value="/home/randd/sumo/tools/2019-12-30-06-17-39/osm.bus.trips.xml"/>
    </input>

    <output>
        <output-file value="/home/randd/sumo/tools/2019-12-30-06-17-39/osm.bus.trips.xml.tmp"/>
        <write-trips value="true"/>
    </output>

    <time>
        <begin value="0"/>
        <end value="3600.0"/>
    </time>

    <report>
        <no-warnings value="true"/>
        <ignore-errors value="true"/>
        <no-step-log value="true"/>
    </report>

</configuration>
-->

<routes xmlns:xsi="http://www.w3.org/2001/XMLSchema-instance" xsi:noNamespaceSchemaLocation="http://sumo.dlr.de/xsd/routes_file.xsd">
    <vType id="bus_bus" vClass="bus"/>
    <trip id="bus0" type="bus_bus" depart="0.00" departLane="best" departSpeed="max" from="67427704" to="319623102"/>
    <trip id="bus4" type="bus_bus" depart="486.37" departLane="best" departSpeed="max" from="67427704" to="199200030"/>
    <trip id="bus9" type="bus_bus" depart="1094.33" departLane="best" departSpeed="max" from="67427704" to="319623102"/>
    <trip id="bus18" type="bus_bus" depart="2188.67" departLane="best" departSpeed="max" from="67427704" to="199200030"/>
    <trip id="bus19" type="bus_bus" depart="2310.26" departLane="best" departSpeed="max" from="67427704" to="199200030"/>
    <trip id="bus22" type="bus_bus" depart="2675.04" departLane="best" departSpeed="max" from="67427704" to="199200030"/>
</routes>
