<?xml version="1.0" encoding="UTF-8"?>

<!-- generated on Mon Dec 30 06:17:43 2019 by Eclipse SUMO duarouter Version v1_4_0+0287-b14111e43d
<configuration xmlns:xsi="http://www.w3.org/2001/XMLSchema-instance" xsi:noNamespaceSchemaLocation="http://sumo.dlr.de/xsd/duarouterConfiguration.xsd">

    <input>
        <net-file value="/home/randd/sumo/tools/2019-12-30-06-17-39/osm.net.xml"/>
        <route-files value="/home/randd/sumo/tools/2019-12-30-06-17-39/osm.passenger.trips.xml"/>
    </input>

    <output>
        <output-file value="/home/randd/sumo/tools/2019-12-30-06-17-39/osm.passenger.trips.xml.tmp"/>
        <write-trips value="true"/>
    </output>

    <time>
        <begin value="0"/>
        <end value="3600.0"/>
    </time>

    <report>
        <no-warnings value="true"/>
        <ignore-errors value="true"/>
        <no-step-log value="true"/>
    </report>

</configuration>
-->

<routes xmlns:xsi="http://www.w3.org/2001/XMLSchema-instance" xsi:noNamespaceSchemaLocation="http://sumo.dlr.de/xsd/routes_file.xsd">
    <vType id="veh_passenger" vClass="passenger"/>
    <trip id="veh2" type="veh_passenger" depart="94.29" departLane="best" from="53819697#2" to="43979483"/>
    <trip id="veh4" type="veh_passenger" depart="188.57" departLane="best" departSpeed="max" from="29469679#0" to="31269693#1"/>
    <trip id="veh6" type="veh_passenger" depart="282.86" departLane="best" departSpeed="max" from="67427704" to="41439323"/>
    <trip id="veh7" type="veh_passenger" depart="330.00" departLane="best" departSpeed="max" from="319623180#0" to="43979483"/>
    <trip id="veh10" type="veh_passenger" depart="471.43" departLane="best" departSpeed="max" from="67427704" to="319623107"/>
    <trip id="veh11" type="veh_passenger" depart="518.57" departLane="best" departSpeed="max" from="319623180#0" to="31269693#1"/>
    <trip id="veh12" type="veh_passenger" depart="565.71" departLane="best" departSpeed="max" from="29469679#0" to="31269693#1"/>
    <trip id="veh13" type="veh_passenger" depart="612.86" departLane="best" departSpeed="max" from="67427704" to="319623107"/>
    <trip id="veh18" type="veh_passenger" depart="848.57" departLane="best" departSpeed="max" from="29469679#0" to="31269693#1"/>
    <trip id="veh20" type="veh_passenger" depart="942.86" departLane="best" departSpeed="max" from="-84189421#1" to="31269693#1"/>
    <trip id="veh22" type="veh_passenger" depart="1037.14" departLane="best" from="53819697#2" to="31269693#1"/>
    <trip id="veh23" type="veh_passenger" depart="1084.29" departLane="best" departSpeed="max" from="67427704" to="199200030"/>
    <trip id="veh24" type="veh_passenger" depart="1131.43" departLane="best" departSpeed="max" from="29469679#0" to="31796924"/>
    <trip id="veh26" type="veh_passenger" depart="1225.72" departLane="best" departSpeed="max" from="29469679#0" to="31796924"/>
    <trip id="veh30" type="veh_passenger" depart="1414.29" departLane="best" departSpeed="max" from="199200018#0" to="514829510#2"/>
    <trip id="veh34" type="veh_passenger" depart="1602.86" departLane="best" from="319623180#2" to="43979483"/>
    <trip id="veh37" type="veh_passenger" depart="1744.29" departLane="best" from="53819697#4" to="43979483"/>
    <trip id="veh39" type="veh_passenger" depart="1838.57" departLane="best" departSpeed="max" from="29469679#0" to="31269693#1"/>
    <trip id="veh42" type="veh_passenger" depart="1980.00" departLane="best" from="53819697#2" to="31269693#1"/>
    <trip id="veh44" type="veh_passenger" depart="2074.29" departLane="best" departSpeed="max" from="199200018#0" to="514829510#2"/>
    <trip id="veh45" type="veh_passenger" depart="2121.43" departLane="best" departSpeed="max" from="53819697#0" to="31269693#1"/>
    <trip id="veh51" type="veh_passenger" depart="2404.29" departLane="best" departSpeed="max" from="53819697#0" to="43979483"/>
    <trip id="veh52" type="veh_passenger" depart="2451.43" departLane="best" departSpeed="max" from="29469679#0" to="31796924"/>
    <trip id="veh55" type="veh_passenger" depart="2592.86" departLane="best" from="29469679#1" to="31269693#1"/>
    <trip id="veh56" type="veh_passenger" depart="2640.00" departLane="best" departSpeed="max" from="514829509" to="31269693#1"/>
    <trip id="veh60" type="veh_passenger" depart="2828.57" departLane="best" departSpeed="max" from="29469679#0" to="31269693#1"/>
    <trip id="veh61" type="veh_passenger" depart="2875.72" departLane="best" from="319623180#1" to="43979483"/>
    <trip id="veh63" type="veh_passenger" depart="2970.00" departLane="best" departSpeed="max" from="67427704" to="319623102"/>
    <trip id="veh65" type="veh_passenger" depart="3064.29" departLane="best" departSpeed="max" from="319623180#0" to="31269693#1"/>
    <trip id="veh66" type="veh_passenger" depart="3111.43" departLane="best" departSpeed="max" from="67427704" to="319623102"/>
    <trip id="veh69" type="veh_passenger" depart="3252.86" departLane="best" departSpeed="max" from="199200018#0" to="514829510#2"/>
    <trip id="veh72" type="veh_passenger" depart="3394.29" departLane="best" from="53819697#5" to="31269693#1"/>
    <trip id="veh73" type="veh_passenger" depart="3441.43" departLane="best" departSpeed="max" from="199200018#0" to="514829510#2"/>
    <trip id="veh74" type="veh_passenger" depart="3488.57" departLane="best" departSpeed="max" from="514829509" to="31269693#1"/>
    <trip id="veh76" type="veh_passenger" depart="3582.86" departLane="best" departSpeed="max" from="-84189421#1" to="31269693#1"/>
</routes>
