<?xml version="1.0" encoding="UTF-8"?>

<!-- generated on Mon Dec 30 06:17:44 2019 by Eclipse SUMO duarouter Version v1_4_0+0287-b14111e43d
<configuration xmlns:xsi="http://www.w3.org/2001/XMLSchema-instance" xsi:noNamespaceSchemaLocation="http://sumo.dlr.de/xsd/duarouterConfiguration.xsd">

    <input>
        <net-file value="/home/randd/sumo/tools/2019-12-30-06-17-39/osm.net.xml"/>
        <route-files value="/home/randd/sumo/tools/2019-12-30-06-17-39/osm.truck.trips.xml"/>
    </input>

    <output>
        <output-file value="/home/randd/sumo/tools/2019-12-30-06-17-39/osm.truck.trips.xml.tmp"/>
        <write-trips value="true"/>
    </output>

    <time>
        <begin value="0"/>
        <end value="3600.0"/>
    </time>

    <report>
        <no-warnings value="true"/>
        <ignore-errors value="true"/>
        <no-step-log value="true"/>
    </report>

</configuration>
-->

<routes xmlns:xsi="http://www.w3.org/2001/XMLSchema-instance" xsi:noNamespaceSchemaLocation="http://sumo.dlr.de/xsd/routes_file.xsd">
    <vType id="truck_truck" vClass="truck"/>
    <trip id="truck2" type="truck_truck" depart="141.43" departLane="best" departSpeed="max" from="67427704" to="199200030"/>
    <trip id="truck4" type="truck_truck" depart="282.86" departLane="best" departSpeed="max" from="67427704" to="199200030"/>
    <trip id="truck9" type="truck_truck" depart="636.43" departLane="best" departSpeed="max" from="67427704" to="319623102"/>
    <trip id="truck10" type="truck_truck" depart="707.14" departLane="best" departSpeed="max" from="67427704" to="199200030"/>
    <trip id="truck14" type="truck_truck" depart="990.00" departLane="best" departSpeed="max" from="67427704" to="319623102"/>
    <trip id="truck15" type="truck_truck" depart="1060.72" departLane="best" departSpeed="max" from="67427704" to="199200030"/>
    <trip id="truck19" type="truck_truck" depart="1343.57" departLane="best" departSpeed="max" from="67427704" to="199200030"/>
    <trip id="truck26" type="truck_truck" depart="1838.57" departLane="best" departSpeed="max" from="67427704" to="319623102"/>
    <trip id="truck27" type="truck_truck" depart="1909.29" departLane="best" departSpeed="max" from="67427704" to="199200030"/>
    <trip id="truck28" type="truck_truck" depart="1980.00" departLane="best" departSpeed="max" from="67427704" to="199200030"/>
    <trip id="truck29" type="truck_truck" depart="2050.72" departLane="best" departSpeed="max" from="67427704" to="319623102"/>
    <trip id="truck31" type="truck_truck" depart="2192.15" departLane="best" departSpeed="max" from="67427704" to="199200030"/>
    <trip id="truck33" type="truck_truck" depart="2333.57" departLane="best" departSpeed="max" from="67427704" to="199200030"/>
    <trip id="truck34" type="truck_truck" depart="2404.29" departLane="best" departSpeed="max" from="67427704" to="319623102"/>
    <trip id="truck37" type="truck_truck" depart="2616.43" departLane="best" departSpeed="max" from="67427704" to="319623102"/>
    <trip id="truck39" type="truck_truck" depart="2757.86" departLane="best" departSpeed="max" from="67427704" to="199200030"/>
    <trip id="truck40" type="truck_truck" depart="2828.57" departLane="best" departSpeed="max" from="67427704" to="319623102"/>
    <trip id="truck44" type="truck_truck" depart="3111.43" departLane="best" departSpeed="max" from="67427704" to="199200030"/>
    <trip id="truck47" type="truck_truck" depart="3323.57" departLane="best" departSpeed="max" from="67427704" to="199200030"/>
    <trip id="truck50" type="truck_truck" depart="3535.72" departLane="best" departSpeed="max" from="67427704" to="199200030"/>
</routes>
