<?xml version="1.0" encoding="UTF-8"?>
<!-- generated on 2019-12-30 06:17:44.131321 by osmWebWizard.py v1_4_0+0287-b14111e43d
  options: 
-->
<routes xmlns:xsi="http://www.w3.org/2001/XMLSchema-instance" xsi:noNamespaceSchemaLocation="http://sumo.dlr.de/xsd/routes_file.xsd">
    <vType id="ped_pedestrian" vClass="pedestrian"/>
    <person id="ped0" depart="0.00" type="ped_pedestrian">
        <walk from="319623203#9" to="-167081593#1"/>
    </person>
    <person id="ped1" depart="33.29" type="ped_pedestrian">
        <walk from="167458466#2" to="167081617#2"/>
    </person>
    <person id="ped2" depart="66.59" type="ped_pedestrian">
        <walk from="53819697#3" to="38286102#1"/>
    </person>
    <person id="ped3" depart="99.88" type="ped_pedestrian">
        <walk from="590810895#2" to="167081593#0"/>
    </person>
    <person id="ped4" depart="133.17" type="ped_pedestrian">
        <walk from="25912418#0" to="-167081593#2"/>
    </person>
    <person id="ped5" depart="166.46" type="ped_pedestrian">
        <walk from="167081617#2" to="319623102"/>
    </person>
    <person id="ped6" depart="199.76" type="ped_pedestrian">
        <walk from="-167081593#1" to="167081608#2"/>
    </person>
    <person id="ped7" depart="233.05" type="ped_pedestrian">
        <walk from="319623205#1" to="319623180#0"/>
    </person>
    <person id="ped8" depart="266.34" type="ped_pedestrian">
        <walk from="167081617#2" to="319623203#10"/>
    </person>
    <person id="ped9" depart="299.63" type="ped_pedestrian">
        <walk from="590807255#5" to="-167081592#0"/>
    </person>
    <person id="ped10" depart="332.93" type="ped_pedestrian">
        <walk from="590807255#5" to="459587264#1"/>
    </person>
    <person id="ped11" depart="366.22" type="ped_pedestrian">
        <walk from="192748231#0" to="167081602#3"/>
    </person>
    <person id="ped12" depart="399.51" type="ped_pedestrian">
        <walk from="67427704" to="192748231#0"/>
    </person>
    <person id="ped13" depart="432.80" type="ped_pedestrian">
        <walk from="167081593#1" to="167081593#2"/>
    </person>
    <person id="ped14" depart="466.10" type="ped_pedestrian">
        <walk from="590807260#1" to="319623203#13"/>
    </person>
    <person id="ped15" depart="499.39" type="ped_pedestrian">
        <walk from="590807255#5" to="53819697#2"/>
    </person>
    <person id="ped16" depart="532.68" type="ped_pedestrian">
        <walk from="319623168#2" to="79350826#1"/>
    </person>
    <person id="ped17" depart="565.97" type="ped_pedestrian">
        <walk from="247087344#1" to="319623180#1"/>
    </person>
    <person id="ped18" depart="599.27" type="ped_pedestrian">
        <walk from="590807255#9" to="319623203#4"/>
    </person>
    <person id="ped19" depart="632.56" type="ped_pedestrian">
        <walk from="590810893#2" to="319623203#0"/>
    </person>
    <person id="ped20" depart="665.85" type="ped_pedestrian">
        <walk from="514829509" to="-540429583#1"/>
    </person>
    <person id="ped21" depart="699.14" type="ped_pedestrian">
        <walk from="167081617#3" to="167458466#4"/>
    </person>
    <person id="ped22" depart="732.44" type="ped_pedestrian">
        <walk from="167081592#1" to="167081617#4"/>
    </person>
    <person id="ped23" depart="765.73" type="ped_pedestrian">
        <walk from="167081599#0" to="167458466#2"/>
    </person>
    <person id="ped24" depart="799.02" type="ped_pedestrian">
        <walk from="319623203#8" to="247087342"/>
    </person>
    <person id="ped25" depart="832.31" type="ped_pedestrian">
        <walk from="247087344#0" to="167081615#1"/>
    </person>
    <person id="ped26" depart="865.61" type="ped_pedestrian">
        <walk from="167458463" to="600356300#3"/>
    </person>
    <person id="ped27" depart="898.90" type="ped_pedestrian">
        <walk from="319623205#0" to="319623203#3"/>
    </person>
    <person id="ped28" depart="932.19" type="ped_pedestrian">
        <walk from="167081602#6" to="53819697#2"/>
    </person>
    <person id="ped29" depart="965.48" type="ped_pedestrian">
        <walk from="167081602#5" to="247087344#1"/>
    </person>
    <person id="ped30" depart="998.78" type="ped_pedestrian">
        <walk from="84189425#0" to="319623203#9"/>
    </person>
    <person id="ped31" depart="1032.07" type="ped_pedestrian">
        <walk from="319623180#2" to="41439323"/>
    </person>
    <person id="ped32" depart="1065.36" type="ped_pedestrian">
        <walk from="590807260#0" to="590807255#1"/>
    </person>
    <person id="ped33" depart="1098.65" type="ped_pedestrian">
        <walk from="167081617#3" to="-167081593#2"/>
    </person>
    <person id="ped34" depart="1131.95" type="ped_pedestrian">
        <walk from="167458478#0" to="167458463"/>
    </person>
    <person id="ped35" depart="1165.24" type="ped_pedestrian">
        <walk from="167081615#1" to="665280064#0"/>
    </person>
    <person id="ped36" depart="1198.53" type="ped_pedestrian">
        <walk from="590810894#2" to="167458478#0"/>
    </person>
    <person id="ped37" depart="1231.82" type="ped_pedestrian">
        <walk from="319623205#2" to="25183441#0"/>
    </person>
    <person id="ped38" depart="1265.12" type="ped_pedestrian">
        <walk from="590810901#4" to="29469681#2"/>
    </person>
    <person id="ped39" depart="1298.41" type="ped_pedestrian">
        <walk from="167458463" to="167081617#7"/>
    </person>
    <person id="ped40" depart="1331.70" type="ped_pedestrian">
        <walk from="319623193#0" to="167458463"/>
    </person>
    <person id="ped41" depart="1364.99" type="ped_pedestrian">
        <walk from="319623203#1" to="590810901#1"/>
    </person>
    <person id="ped42" depart="1398.29" type="ped_pedestrian">
        <walk from="25183514#0" to="167081617#2"/>
    </person>
    <person id="ped43" depart="1431.58" type="ped_pedestrian">
        <walk from="84189425#1" to="319623107"/>
    </person>
    <person id="ped44" depart="1464.87" type="ped_pedestrian">
        <walk from="167081593#1" to="-540429583#1"/>
    </person>
    <person id="ped45" depart="1498.16" type="ped_pedestrian">
        <walk from="167081599#1" to="319623203#7"/>
    </person>
    <person id="ped46" depart="1531.46" type="ped_pedestrian">
        <walk from="590807255#2" to="25912418#0"/>
    </person>
    <person id="ped47" depart="1564.75" type="ped_pedestrian">
        <walk from="-84189425#0" to="247087344#2"/>
    </person>
    <person id="ped48" depart="1598.04" type="ped_pedestrian">
        <walk from="84189425#1" to="319623168#1"/>
    </person>
    <person id="ped49" depart="1631.33" type="ped_pedestrian">
        <walk from="79350826#0" to="590810893#2"/>
    </person>
    <person id="ped50" depart="1664.63" type="ped_pedestrian">
        <walk from="-167081592#1" to="53819697#0"/>
    </person>
    <person id="ped51" depart="1697.92" type="ped_pedestrian">
        <walk from="41439323" to="319623168#3"/>
    </person>
    <person id="ped52" depart="1731.21" type="ped_pedestrian">
        <walk from="167458463" to="319623203#9"/>
    </person>
    <person id="ped53" depart="1764.51" type="ped_pedestrian">
        <walk from="167081599#1" to="25912418#3"/>
    </person>
    <person id="ped54" depart="1797.80" type="ped_pedestrian">
        <walk from="29469681#1" to="665280064#2"/>
    </person>
    <person id="ped55" depart="1831.09" type="ped_pedestrian">
        <walk from="590810894#2" to="167458463"/>
    </person>
    <person id="ped56" depart="1864.38" type="ped_pedestrian">
        <walk from="31796924" to="167081604#0"/>
    </person>
    <person id="ped57" depart="1897.68" type="ped_pedestrian">
        <walk from="590810901#4" to="590810894#1"/>
    </person>
    <person id="ped58" depart="1930.97" type="ped_pedestrian">
        <walk from="167458466#6" to="319623203#9"/>
    </person>
    <person id="ped59" depart="1964.26" type="ped_pedestrian">
        <walk from="319623203#3" to="167081602#3"/>
    </person>
    <person id="ped60" depart="1997.55" type="ped_pedestrian">
        <walk from="54072577#1" to="319623168#3"/>
    </person>
    <person id="ped61" depart="2030.85" type="ped_pedestrian">
        <walk from="590807255#10" to="319623168#1"/>
    </person>
    <person id="ped62" depart="2064.14" type="ped_pedestrian">
        <walk from="-117130342" to="167458482#0"/>
    </person>
    <person id="ped63" depart="2097.43" type="ped_pedestrian">
        <walk from="-167081593#0" to="600356300#2"/>
    </person>
    <person id="ped64" depart="2130.72" type="ped_pedestrian">
        <walk from="590810894#3" to="590807255#9"/>
    </person>
    <person id="ped65" depart="2164.02" type="ped_pedestrian">
        <walk from="167458471" to="-84189421#1"/>
    </person>
    <person id="ped66" depart="2197.31" type="ped_pedestrian">
        <walk from="590810894#3" to="665280064#1"/>
    </person>
    <person id="ped67" depart="2230.60" type="ped_pedestrian">
        <walk from="167081593#0" to="29469681#6"/>
    </person>
    <person id="ped68" depart="2263.89" type="ped_pedestrian">
        <walk from="-84189425#1" to="54072577#1"/>
    </person>
    <person id="ped69" depart="2297.19" type="ped_pedestrian">
        <walk from="590807255#0" to="167081599#4"/>
    </person>
    <person id="ped70" depart="2330.48" type="ped_pedestrian">
        <walk from="29469681#5" to="319623180#1"/>
    </person>
    <person id="ped71" depart="2363.77" type="ped_pedestrian">
        <walk from="167458463" to="590810894#2"/>
    </person>
    <person id="ped72" depart="2397.06" type="ped_pedestrian">
        <walk from="25912418#0" to="167081615#1"/>
    </person>
    <person id="ped73" depart="2430.36" type="ped_pedestrian">
        <walk from="319623168#3" to="53819697#2"/>
    </person>
    <person id="ped74" depart="2463.65" type="ped_pedestrian">
        <walk from="167081608#3" to="167458471"/>
    </person>
    <person id="ped75" depart="2496.94" type="ped_pedestrian">
        <walk from="84189425#1" to="319623205#1"/>
    </person>
    <person id="ped76" depart="2530.23" type="ped_pedestrian">
        <walk from="29469679#0" to="319623113"/>
    </person>
    <person id="ped77" depart="2563.53" type="ped_pedestrian">
        <walk from="167081599#3" to="167081617#3"/>
    </person>
    <person id="ped78" depart="2596.82" type="ped_pedestrian">
        <walk from="192748231#0" to="319623203#10"/>
    </person>
    <person id="ped79" depart="2630.11" type="ped_pedestrian">
        <walk from="167081617#4" to="167081617#2"/>
    </person>
    <person id="ped80" depart="2663.40" type="ped_pedestrian">
        <walk from="-84189425#1" to="319623203#7"/>
    </person>
    <person id="ped81" depart="2696.70" type="ped_pedestrian">
        <walk from="167081617#3" to="590810901#3"/>
    </person>
    <person id="ped82" depart="2729.99" type="ped_pedestrian">
        <walk from="590810893#1" to="-84189425#1"/>
    </person>
    <person id="ped83" depart="2763.28" type="ped_pedestrian">
        <walk from="167081617#5" to="320100041"/>
    </person>
    <person id="ped84" depart="2796.57" type="ped_pedestrian">
        <walk from="167081617#1" to="167081599#5"/>
    </person>
    <person id="ped85" depart="2829.87" type="ped_pedestrian">
        <walk from="600356300#3" to="319623193#5"/>
    </person>
    <person id="ped86" depart="2863.16" type="ped_pedestrian">
        <walk from="29469681#4" to="590807255#11"/>
    </person>
    <person id="ped87" depart="2896.45" type="ped_pedestrian">
        <walk from="590807255#5" to="167081608#1"/>
    </person>
    <person id="ped88" depart="2929.74" type="ped_pedestrian">
        <walk from="167081593#2" to="25912418#3"/>
    </person>
    <person id="ped89" depart="2963.04" type="ped_pedestrian">
        <walk from="25912418#0" to="29469681#3"/>
    </person>
    <person id="ped90" depart="2996.33" type="ped_pedestrian">
        <walk from="53819697#2" to="38286102#0"/>
    </person>
    <person id="ped91" depart="3029.62" type="ped_pedestrian">
        <walk from="84189421#1" to="167081593#2"/>
    </person>
    <person id="ped92" depart="3062.91" type="ped_pedestrian">
        <walk from="25183514#1" to="192748231#0"/>
    </person>
    <person id="ped93" depart="3096.21" type="ped_pedestrian">
        <walk from="590810893#2" to="167081617#7"/>
    </person>
    <person id="ped94" depart="3129.50" type="ped_pedestrian">
        <walk from="167081608#1" to="29469681#0"/>
    </person>
    <person id="ped95" depart="3162.79" type="ped_pedestrian">
        <walk from="25912418#0" to="167458466#2"/>
    </person>
    <person id="ped96" depart="3196.08" type="ped_pedestrian">
        <walk from="167081617#7" to="590810902#2"/>
    </person>
    <person id="ped97" depart="3229.38" type="ped_pedestrian">
        <walk from="29469679#1" to="590810893#2"/>
    </person>
    <person id="ped98" depart="3262.67" type="ped_pedestrian">
        <walk from="319623180#1" to="-54072577#1"/>
    </person>
    <person id="ped99" depart="3295.96" type="ped_pedestrian">
        <walk from="84189425#1" to="590807257"/>
    </person>
    <person id="ped100" depart="3329.25" type="ped_pedestrian">
        <walk from="79350826#0" to="590810902#2"/>
    </person>
    <person id="ped101" depart="3362.55" type="ped_pedestrian">
        <walk from="590807260#1" to="167081602#5"/>
    </person>
    <person id="ped102" depart="3395.84" type="ped_pedestrian">
        <walk from="29469681#6" to="167081617#1"/>
    </person>
    <person id="ped103" depart="3429.13" type="ped_pedestrian">
        <walk from="25183514#0" to="-84189421#1"/>
    </person>
    <person id="ped104" depart="3462.43" type="ped_pedestrian">
        <walk from="247087344#1" to="84189421#1"/>
    </person>
    <person id="ped105" depart="3495.72" type="ped_pedestrian">
        <walk from="167458463" to="590807255#11"/>
    </person>
    <person id="ped106" depart="3529.01" type="ped_pedestrian">
        <walk from="29469681#1" to="25912418#0"/>
    </person>
    <person id="ped107" depart="3562.30" type="ped_pedestrian">
        <walk from="67427704" to="84189425#1"/>
    </person>
    <person id="ped108" depart="3595.60" type="ped_pedestrian">
        <walk from="319623180#2" to="514829510#2"/>
    </person>
</routes>
