<?xml version="1.0" encoding="UTF-8"?>

<!-- generated on Mon Dec 30 06:17:43 2019 by Eclipse SUMO duarouter Version v1_4_0+0287-b14111e43d
<configuration xmlns:xsi="http://www.w3.org/2001/XMLSchema-instance" xsi:noNamespaceSchemaLocation="http://sumo.dlr.de/xsd/duarouterConfiguration.xsd">

    <input>
        <net-file value="/home/randd/sumo/tools/2019-12-30-06-17-39/osm.net.xml"/>
        <route-files value="/home/randd/sumo/tools/2019-12-30-06-17-39/osm.bicycle.trips.xml"/>
    </input>

    <output>
        <output-file value="/home/randd/sumo/tools/2019-12-30-06-17-39/osm.bicycle.trips.xml.tmp"/>
        <write-trips value="true"/>
    </output>

    <time>
        <begin value="0"/>
        <end value="3600.0"/>
    </time>

    <report>
        <no-warnings value="true"/>
        <ignore-errors value="true"/>
        <no-step-log value="true"/>
    </report>

</configuration>
-->

<routes xmlns:xsi="http://www.w3.org/2001/XMLSchema-instance" xsi:noNamespaceSchemaLocation="http://sumo.dlr.de/xsd/routes_file.xsd">
    <vType id="bike_bicycle" vClass="bicycle"/>
    <trip id="bike0" type="bike_bicycle" depart="0.00" departLane="best" departSpeed="max" from="40165756#0" to="-37288757#0"/>
    <trip id="bike1" type="bike_bicycle" depart="63.61" departLane="best" departSpeed="max" from="-84189425#1" to="25912418#0"/>
    <trip id="bike2" type="bike_bicycle" depart="127.22" departLane="best" departSpeed="max" from="514829509" to="451248440#4"/>
    <trip id="bike3" type="bike_bicycle" depart="190.83" departLane="best" from="540429583#1" to="-451248440#2"/>
    <trip id="bike4" type="bike_bicycle" depart="254.44" departLane="best" departSpeed="max" from="29469679#0" to="-37288757#0"/>
    <trip id="bike5" type="bike_bicycle" depart="318.05" departLane="best" departSpeed="max" from="-54072577#1" to="37288757#4"/>
    <trip id="bike7" type="bike_bicycle" depart="445.27" departLane="best" departSpeed="max" from="40165756#0" to="38286102#0"/>
    <trip id="bike9" type="bike_bicycle" depart="572.50" departLane="best" from="53819697#2" to="-192748231#2"/>
    <trip id="bike10" type="bike_bicycle" depart="636.11" departLane="best" from="53819697#2" to="451248440#7"/>
    <trip id="bike13" type="bike_bicycle" depart="826.94" departLane="best" from="-37288757#5" to="-451248440#4"/>
    <trip id="bike14" type="bike_bicycle" depart="890.55" departLane="best" from="53819697#5" to="40165756#5"/>
    <trip id="bike15" type="bike_bicycle" depart="954.16" departLane="best" from="53819697#2" to="514829510#2"/>
    <trip id="bike16" type="bike_bicycle" depart="1017.77" departLane="best" from="319623180#1" to="84189425#0"/>
    <trip id="bike17" type="bike_bicycle" depart="1081.38" departLane="best" from="25912418#1" to="38286102#1"/>
    <trip id="bike18" type="bike_bicycle" depart="1144.99" departLane="best" from="53819697#4" to="40165756#5"/>
    <trip id="bike21" type="bike_bicycle" depart="1335.82" departLane="best" departSpeed="max" from="-84189421#1" to="31269693#1"/>
    <trip id="bike22" type="bike_bicycle" depart="1399.43" departLane="best" from="-37288757#4" to="25912418#0"/>
    <trip id="bike23" type="bike_bicycle" depart="1463.05" departLane="best" from="-37288757#7" to="31269693#1"/>
    <trip id="bike25" type="bike_bicycle" depart="1590.27" departLane="best" from="25912418#0" to="25183441#0"/>
    <trip id="bike26" type="bike_bicycle" depart="1653.88" departLane="best" departSpeed="max" from="-84189425#1" to="84189421#1"/>
    <trip id="bike27" type="bike_bicycle" depart="1717.49" departLane="best" departSpeed="max" from="40165756#0" to="40165756#5"/>
    <trip id="bike28" type="bike_bicycle" depart="1781.10" departLane="best" departSpeed="max" from="-451248440#7" to="514829510#2"/>
    <trip id="bike30" type="bike_bicycle" depart="1908.32" departLane="best" from="84189425#0" to="43979483"/>
    <trip id="bike31" type="bike_bicycle" depart="1971.93" departLane="best" from="319623180#2" to="451248440#4"/>
    <trip id="bike33" type="bike_bicycle" depart="2099.15" departLane="best" departSpeed="max" from="-84189421#1" to="-37288757#0"/>
    <trip id="bike36" type="bike_bicycle" depart="2289.98" departLane="best" departSpeed="max" from="540429583#0" to="31796924"/>
    <trip id="bike39" type="bike_bicycle" depart="2480.82" departLane="best" from="-84189425#0" to="25912418#1"/>
    <trip id="bike41" type="bike_bicycle" depart="2608.04" departLane="best" from="37288757#5" to="600356300#3"/>
    <trip id="bike42" type="bike_bicycle" depart="2671.65" departLane="best" from="25912418#3" to="25183441#0"/>
    <trip id="bike43" type="bike_bicycle" depart="2735.26" departLane="best" from="84189425#0" to="37288757#5"/>
    <trip id="bike44" type="bike_bicycle" depart="2798.87" departLane="best" from="-37288757#5" to="-37288757#4"/>
    <trip id="bike46" type="bike_bicycle" depart="2926.09" departLane="best" departSpeed="max" from="53819697#0" to="319623168#2"/>
    <trip id="bike48" type="bike_bicycle" depart="3053.31" departLane="best" from="84189425#0" to="37288757#7"/>
    <trip id="bike51" type="bike_bicycle" depart="3244.14" departLane="best" from="40165756#3" to="38286102#0"/>
    <trip id="bike52" type="bike_bicycle" depart="3307.75" departLane="best" departSpeed="max" from="-84189425#1" to="43979483"/>
    <trip id="bike53" type="bike_bicycle" depart="3371.37" departLane="best" departSpeed="max" from="-43979480" to="319623168#3"/>
    <trip id="bike56" type="bike_bicycle" depart="3562.20" departLane="best" from="319623168#3" to="192748231#0"/>
</routes>
