<?xml version="1.0" encoding="UTF-8"?>

<!-- generated on Mon Dec 30 06:17:45 2019 by Eclipse SUMO duarouter Version v1_4_0+0287-b14111e43d
<configuration xmlns:xsi="http://www.w3.org/2001/XMLSchema-instance" xsi:noNamespaceSchemaLocation="http://sumo.dlr.de/xsd/duarouterConfiguration.xsd">

    <input>
        <net-file value="/home/randd/sumo/tools/2019-12-30-06-17-39/osm.net.xml"/>
        <route-files value="/home/randd/sumo/tools/2019-12-30-06-17-39/osm.motorcycle.trips.xml"/>
    </input>

    <output>
        <output-file value="/home/randd/sumo/tools/2019-12-30-06-17-39/osm.motorcycle.trips.xml.tmp"/>
        <write-trips value="true"/>
    </output>

    <time>
        <begin value="0"/>
        <end value="3600.0"/>
    </time>

    <report>
        <no-warnings value="true"/>
        <ignore-errors value="true"/>
        <no-step-log value="true"/>
    </report>

</configuration>
-->

<routes xmlns:xsi="http://www.w3.org/2001/XMLSchema-instance" xsi:noNamespaceSchemaLocation="http://sumo.dlr.de/xsd/routes_file.xsd">
    <vType id="moto_motorcycle" vClass="motorcycle"/>
    <trip id="moto0" type="moto_motorcycle" depart="0.00" departLane="best" from="38286102#1" to="167081615#1"/>
    <trip id="moto4" type="moto_motorcycle" depart="565.71" departLane="best" from="319623128#0" to="167081615#1"/>
    <trip id="moto5" type="moto_motorcycle" depart="707.14" departLane="best" departSpeed="max" from="199200018#0" to="319623168#1"/>
    <trip id="moto7" type="moto_motorcycle" depart="990.00" departLane="best" from="38286102#1" to="319623168#3"/>
    <trip id="moto9" type="moto_motorcycle" depart="1272.86" departLane="best" from="53819697#2" to="-192748231#2"/>
    <trip id="moto10" type="moto_motorcycle" depart="1414.29" departLane="best" from="53819697#2" to="43979483"/>
    <trip id="moto11" type="moto_motorcycle" depart="1555.72" departLane="best" departSpeed="max" from="29469679#0" to="25912418#0"/>
    <trip id="moto15" type="moto_motorcycle" depart="2121.43" departLane="best" from="53819697#2" to="43979483"/>
    <trip id="moto16" type="moto_motorcycle" depart="2262.86" departLane="best" departSpeed="max" from="319623180#0" to="84189421#1"/>
    <trip id="moto17" type="moto_motorcycle" depart="2404.29" departLane="best" from="29469679#1" to="319623168#3"/>
    <trip id="moto20" type="moto_motorcycle" depart="2828.57" departLane="best" departSpeed="max" from="514829509" to="167081615#1"/>
    <trip id="moto21" type="moto_motorcycle" depart="2970.00" departLane="best" from="25183441#0" to="31269693#1"/>
    <trip id="moto23" type="moto_motorcycle" depart="3252.86" departLane="best" departSpeed="max" from="-84189421#1" to="31269693#1"/>
    <trip id="moto25" type="moto_motorcycle" depart="3535.72" departLane="best" from="29469679#1" to="25912418#3"/>
</routes>
