<?xml version="1.0" encoding="UTF-8"?>

<!-- generated on Mon Dec 30 06:17:44 2019 by Eclipse SUMO duarouter Version v1_4_0+0287-b14111e43d
<configuration xmlns:xsi="http://www.w3.org/2001/XMLSchema-instance" xsi:noNamespaceSchemaLocation="http://sumo.dlr.de/xsd/duarouterConfiguration.xsd">

    <input>
        <net-file value="/home/randd/sumo/tools/2019-12-30-06-17-39/osm.net.xml"/>
        <route-files value="/home/randd/sumo/tools/2019-12-30-06-17-39/osm.pedestrian.trips.xml"/>
    </input>

    <output>
        <output-file value="/home/randd/sumo/tools/2019-12-30-06-17-39/osm.pedestrian.rou.xml"/>
        <alternatives-output value="/home/randd/sumo/tools/2019-12-30-06-17-39/osm.pedestrian.rou.alt.xml"/>
    </output>

    <time>
        <begin value="0"/>
        <end value="3600.0"/>
    </time>

    <report>
        <no-warnings value="true"/>
        <ignore-errors value="true"/>
        <no-step-log value="true"/>
    </report>

</configuration>
-->

<routes xmlns:xsi="http://www.w3.org/2001/XMLSchema-instance" xsi:noNamespaceSchemaLocation="http://sumo.dlr.de/xsd/routes_file.xsd">
    <vType id="ped_pedestrian" vClass="pedestrian"/>
    <person id="ped0" type="ped_pedestrian" depart="0.00">
        <personTrip from="319623203#9" to="-167081593#1" walkFactor="0.75" costs="223.19"/>
    </person>
    <person id="ped1" type="ped_pedestrian" depart="33.29">
        <personTrip from="167458466#2" to="167081617#2" walkFactor="0.75" costs="82.24"/>
    </person>
    <person id="ped2" type="ped_pedestrian" depart="66.59">
        <personTrip from="53819697#3" to="38286102#1" walkFactor="0.75" costs="177.94"/>
    </person>
    <person id="ped3" type="ped_pedestrian" depart="99.88">
        <personTrip from="590810895#2" to="167081593#0" walkFactor="0.75" costs="209.12"/>
    </person>
    <person id="ped4" type="ped_pedestrian" depart="133.17">
        <personTrip from="25912418#0" to="-167081593#2" walkFactor="0.75" costs="283.79"/>
    </person>
    <person id="ped6" type="ped_pedestrian" depart="199.76">
        <personTrip from="-167081593#1" to="167081608#2" walkFactor="0.75" costs="229.51"/>
    </person>
    <person id="ped7" type="ped_pedestrian" depart="233.05">
        <personTrip from="319623205#1" to="319623180#0" walkFactor="0.75" costs="402.89"/>
    </person>
    <person id="ped8" type="ped_pedestrian" depart="266.34">
        <personTrip from="167081617#2" to="319623203#10" walkFactor="0.75" costs="148.23"/>
    </person>
    <person id="ped9" type="ped_pedestrian" depart="299.63">
        <personTrip from="590807255#5" to="-167081592#0" walkFactor="0.75" costs="180.55"/>
    </person>
    <person id="ped10" type="ped_pedestrian" depart="332.93">
        <personTrip from="590807255#5" to="459587264#1" walkFactor="0.75" costs="318.62"/>
    </person>
    <person id="ped11" type="ped_pedestrian" depart="366.22">
        <personTrip from="192748231#0" to="167081602#3" walkFactor="0.75" costs="103.71"/>
    </person>
    <person id="ped13" type="ped_pedestrian" depart="432.80">
        <personTrip from="167081593#1" to="167081593#2" walkFactor="0.75" costs="5.72"/>
    </person>
    <person id="ped14" type="ped_pedestrian" depart="466.10">
        <personTrip from="590807260#1" to="319623203#13" walkFactor="0.75" costs="64.16"/>
    </person>
    <person id="ped15" type="ped_pedestrian" depart="499.39">
        <personTrip from="590807255#5" to="53819697#2" walkFactor="0.75" costs="304.13"/>
    </person>
    <person id="ped16" type="ped_pedestrian" depart="532.68">
        <personTrip from="319623168#2" to="79350826#1" walkFactor="0.75" costs="134.25"/>
    </person>
    <person id="ped17" type="ped_pedestrian" depart="565.97">
        <personTrip from="247087344#1" to="319623180#1" walkFactor="0.75" costs="52.11"/>
    </person>
    <person id="ped18" type="ped_pedestrian" depart="599.27">
        <personTrip from="590807255#9" to="319623203#4" walkFactor="0.75" costs="36.79"/>
    </person>
    <person id="ped19" type="ped_pedestrian" depart="632.56">
        <personTrip from="590810893#2" to="319623203#0" walkFactor="0.75" costs="134.39"/>
    </person>
    <person id="ped20" type="ped_pedestrian" depart="665.85">
        <personTrip from="514829509" to="-540429583#1" walkFactor="0.75" costs="200.36"/>
    </person>
    <person id="ped21" type="ped_pedestrian" depart="699.14">
        <personTrip from="167081617#3" to="167458466#4" walkFactor="0.75" costs="44.02"/>
    </person>
    <person id="ped22" type="ped_pedestrian" depart="732.44">
        <personTrip from="167081592#1" to="167081617#4" walkFactor="0.75" costs="48.17"/>
    </person>
    <person id="ped23" type="ped_pedestrian" depart="765.73">
        <personTrip from="167081599#0" to="167458466#2" walkFactor="0.75" costs="42.47"/>
    </person>
    <person id="ped24" type="ped_pedestrian" depart="799.02">
        <personTrip from="319623203#8" to="247087342" walkFactor="0.75" costs="291.63"/>
    </person>
    <person id="ped25" type="ped_pedestrian" depart="832.31">
        <personTrip from="247087344#0" to="167081615#1" walkFactor="0.75" costs="81.70"/>
    </person>
    <person id="ped26" type="ped_pedestrian" depart="865.61">
        <personTrip from="167458463" to="600356300#3" walkFactor="0.75" costs="193.86"/>
    </person>
    <person id="ped27" type="ped_pedestrian" depart="898.90">
        <personTrip from="319623205#0" to="319623203#3" walkFactor="0.75" costs="68.84"/>
    </person>
    <person id="ped28" type="ped_pedestrian" depart="932.19">
        <personTrip from="167081602#6" to="53819697#2" walkFactor="0.75" costs="183.21"/>
    </person>
    <person id="ped29" type="ped_pedestrian" depart="965.48">
        <personTrip from="167081602#5" to="247087344#1" walkFactor="0.75" costs="185.11"/>
    </person>
    <person id="ped30" type="ped_pedestrian" depart="998.78">
        <personTrip from="84189425#0" to="319623203#9" walkFactor="0.75" costs="309.83"/>
    </person>
    <person id="ped32" type="ped_pedestrian" depart="1065.36">
        <personTrip from="590807260#0" to="590807255#1" walkFactor="0.75" costs="7.56"/>
    </person>
    <person id="ped33" type="ped_pedestrian" depart="1098.65">
        <personTrip from="167081617#3" to="-167081593#2" walkFactor="0.75" costs="208.23"/>
    </person>
    <person id="ped34" type="ped_pedestrian" depart="1131.95">
        <personTrip from="167458478#0" to="167458463" walkFactor="0.75" costs="3.26"/>
    </person>
    <person id="ped35" type="ped_pedestrian" depart="1165.24">
        <personTrip from="167081615#1" to="665280064#0" walkFactor="0.75" costs="213.69"/>
    </person>
    <person id="ped36" type="ped_pedestrian" depart="1198.53">
        <personTrip from="590810894#2" to="167458478#0" walkFactor="0.75" costs="216.35"/>
    </person>
    <person id="ped37" type="ped_pedestrian" depart="1231.82">
        <personTrip from="319623205#2" to="25183441#0" walkFactor="0.75" costs="121.63"/>
    </person>
    <person id="ped38" type="ped_pedestrian" depart="1265.12">
        <personTrip from="590810901#4" to="29469681#2" walkFactor="0.75" costs="261.72"/>
    </person>
    <person id="ped39" type="ped_pedestrian" depart="1298.41">
        <personTrip from="167458463" to="167081617#7" walkFactor="0.75" costs="105.99"/>
    </person>
    <person id="ped40" type="ped_pedestrian" depart="1331.70">
        <personTrip from="319623193#0" to="167458463" walkFactor="0.75" costs="216.10"/>
    </person>
    <person id="ped41" type="ped_pedestrian" depart="1364.99">
        <personTrip from="319623203#1" to="590810901#1" walkFactor="0.75" costs="136.67"/>
    </person>
    <person id="ped42" type="ped_pedestrian" depart="1398.29">
        <personTrip from="25183514#0" to="167081617#2" walkFactor="0.75" costs="50.47"/>
    </person>
    <person id="ped44" type="ped_pedestrian" depart="1464.87">
        <personTrip from="167081593#1" to="-540429583#1" walkFactor="0.75" costs="201.50"/>
    </person>
    <person id="ped45" type="ped_pedestrian" depart="1498.16">
        <personTrip from="167081599#1" to="319623203#7" walkFactor="0.75" costs="164.92"/>
    </person>
    <person id="ped46" type="ped_pedestrian" depart="1531.46">
        <personTrip from="590807255#2" to="25912418#0" walkFactor="0.75" costs="148.05"/>
    </person>
    <person id="ped47" type="ped_pedestrian" depart="1564.75">
        <personTrip from="-84189425#0" to="247087344#2" walkFactor="0.75" costs="4.64"/>
    </person>
    <person id="ped48" type="ped_pedestrian" depart="1598.04">
        <personTrip from="84189425#1" to="319623168#1" walkFactor="0.75" costs="292.79"/>
    </person>
    <person id="ped49" type="ped_pedestrian" depart="1631.33">
        <personTrip from="79350826#0" to="590810893#2" walkFactor="0.75" costs="299.02"/>
    </person>
    <person id="ped50" type="ped_pedestrian" depart="1664.63">
        <personTrip from="-167081592#1" to="53819697#0" walkFactor="0.75" costs="182.77"/>
    </person>
    <person id="ped52" type="ped_pedestrian" depart="1731.21">
        <personTrip from="167458463" to="319623203#9" walkFactor="0.75" costs="222.57"/>
    </person>
    <person id="ped53" type="ped_pedestrian" depart="1764.51">
        <personTrip from="167081599#1" to="25912418#3" walkFactor="0.75" costs="99.77"/>
    </person>
    <person id="ped54" type="ped_pedestrian" depart="1797.80">
        <personTrip from="29469681#1" to="665280064#2" walkFactor="0.75" costs="135.78"/>
    </person>
    <person id="ped55" type="ped_pedestrian" depart="1831.09">
        <personTrip from="590810894#2" to="167458463" walkFactor="0.75" costs="213.09"/>
    </person>
    <person id="ped56" type="ped_pedestrian" depart="1864.38">
        <personTrip from="31796924" to="167081604#0" walkFactor="0.75" costs="215.73"/>
    </person>
    <person id="ped57" type="ped_pedestrian" depart="1897.68">
        <personTrip from="590810901#4" to="590810894#1" walkFactor="0.75" costs="20.28"/>
    </person>
    <person id="ped58" type="ped_pedestrian" depart="1930.97">
        <personTrip from="167458466#6" to="319623203#9" walkFactor="0.75" costs="183.35"/>
    </person>
    <person id="ped59" type="ped_pedestrian" depart="1964.26">
        <personTrip from="319623203#3" to="167081602#3" walkFactor="0.75" costs="151.38"/>
    </person>
    <person id="ped60" type="ped_pedestrian" depart="1997.55">
        <personTrip from="54072577#1" to="319623168#3" walkFactor="0.75" costs="49.63"/>
    </person>
    <person id="ped61" type="ped_pedestrian" depart="2030.85">
        <personTrip from="590807255#10" to="319623168#1" walkFactor="0.75" costs="143.19"/>
    </person>
    <person id="ped63" type="ped_pedestrian" depart="2097.43">
        <personTrip from="-167081593#0" to="600356300#2" walkFactor="0.75" costs="199.17"/>
    </person>
    <person id="ped64" type="ped_pedestrian" depart="2130.72">
        <personTrip from="590810894#3" to="590807255#9" walkFactor="0.75" costs="16.71"/>
    </person>
    <person id="ped65" type="ped_pedestrian" depart="2164.02">
        <personTrip from="167458471" to="-84189421#1" walkFactor="0.75" costs="138.55"/>
    </person>
    <person id="ped66" type="ped_pedestrian" depart="2197.31">
        <personTrip from="590810894#3" to="665280064#1" walkFactor="0.75" costs="87.60"/>
    </person>
    <person id="ped67" type="ped_pedestrian" depart="2230.60">
        <personTrip from="167081593#0" to="29469681#6" walkFactor="0.75" costs="3.70"/>
    </person>
    <person id="ped68" type="ped_pedestrian" depart="2263.89">
        <personTrip from="-84189425#1" to="54072577#1" walkFactor="0.75" costs="107.62"/>
    </person>
    <person id="ped69" type="ped_pedestrian" depart="2297.19">
        <personTrip from="590807255#0" to="167081599#4" walkFactor="0.75" costs="102.64"/>
    </person>
    <person id="ped70" type="ped_pedestrian" depart="2330.48">
        <personTrip from="29469681#5" to="319623180#1" walkFactor="0.75" costs="191.79"/>
    </person>
    <person id="ped71" type="ped_pedestrian" depart="2363.77">
        <personTrip from="167458463" to="590810894#2" walkFactor="0.75" costs="213.09"/>
    </person>
    <person id="ped72" type="ped_pedestrian" depart="2397.06">
        <personTrip from="25912418#0" to="167081615#1" walkFactor="0.75" costs="185.62"/>
    </person>
    <person id="ped73" type="ped_pedestrian" depart="2430.36">
        <personTrip from="319623168#3" to="53819697#2" walkFactor="0.75" costs="113.29"/>
    </person>
    <person id="ped74" type="ped_pedestrian" depart="2463.65">
        <personTrip from="167081608#3" to="167458471" walkFactor="0.75" costs="267.56"/>
    </person>
    <person id="ped75" type="ped_pedestrian" depart="2496.94">
        <personTrip from="84189425#1" to="319623205#1" walkFactor="0.75" costs="292.00"/>
    </person>
    <person id="ped77" type="ped_pedestrian" depart="2563.53">
        <personTrip from="167081599#3" to="167081617#3" walkFactor="0.75" costs="3.29"/>
    </person>
    <person id="ped78" type="ped_pedestrian" depart="2596.82">
        <personTrip from="192748231#0" to="319623203#10" walkFactor="0.75" costs="76.44"/>
    </person>
    <person id="ped79" type="ped_pedestrian" depart="2630.11">
        <personTrip from="167081617#4" to="167081617#2" walkFactor="0.75" costs="8.81"/>
    </person>
    <person id="ped80" type="ped_pedestrian" depart="2663.40">
        <personTrip from="-84189425#1" to="319623203#7" walkFactor="0.75" costs="327.65"/>
    </person>
    <person id="ped81" type="ped_pedestrian" depart="2696.70">
        <personTrip from="167081617#3" to="590810901#3" walkFactor="0.75" costs="148.99"/>
    </person>
    <person id="ped82" type="ped_pedestrian" depart="2729.99">
        <personTrip from="590810893#1" to="-84189425#1" walkFactor="0.75" costs="320.50"/>
    </person>
    <person id="ped83" type="ped_pedestrian" depart="2763.28">
        <personTrip from="167081617#5" to="320100041" walkFactor="0.75" costs="94.87"/>
    </person>
    <person id="ped84" type="ped_pedestrian" depart="2796.57">
        <personTrip from="167081617#1" to="167081599#5" walkFactor="0.75" costs="21.39"/>
    </person>
    <person id="ped85" type="ped_pedestrian" depart="2829.87">
        <personTrip from="600356300#3" to="319623193#5" walkFactor="0.75" costs="55.18"/>
    </person>
    <person id="ped86" type="ped_pedestrian" depart="2863.16">
        <personTrip from="29469681#4" to="590807255#11" walkFactor="0.75" costs="218.30"/>
    </person>
    <person id="ped87" type="ped_pedestrian" depart="2896.45">
        <personTrip from="590807255#5" to="167081608#1" walkFactor="0.75" costs="20.53"/>
    </person>
    <person id="ped88" type="ped_pedestrian" depart="2929.74">
        <personTrip from="167081593#2" to="25912418#3" walkFactor="0.75" costs="142.26"/>
    </person>
    <person id="ped89" type="ped_pedestrian" depart="2963.04">
        <personTrip from="25912418#0" to="29469681#3" walkFactor="0.75" costs="155.47"/>
    </person>
    <person id="ped90" type="ped_pedestrian" depart="2996.33">
        <personTrip from="53819697#2" to="38286102#0" walkFactor="0.75" costs="179.83"/>
    </person>
    <person id="ped91" type="ped_pedestrian" depart="3029.62">
        <personTrip from="84189421#1" to="167081593#2" walkFactor="0.75" costs="158.09"/>
    </person>
    <person id="ped92" type="ped_pedestrian" depart="3062.91">
        <personTrip from="25183514#1" to="192748231#0" walkFactor="0.75" costs="114.02"/>
    </person>
    <person id="ped93" type="ped_pedestrian" depart="3096.21">
        <personTrip from="590810893#2" to="167081617#7" walkFactor="0.75" costs="115.57"/>
    </person>
    <person id="ped94" type="ped_pedestrian" depart="3129.50">
        <personTrip from="167081608#1" to="29469681#0" walkFactor="0.75" costs="246.38"/>
    </person>
    <person id="ped95" type="ped_pedestrian" depart="3162.79">
        <personTrip from="25912418#0" to="167458466#2" walkFactor="0.75" costs="155.13"/>
    </person>
    <person id="ped96" type="ped_pedestrian" depart="3196.08">
        <personTrip from="167081617#7" to="590810902#2" walkFactor="0.75" costs="169.01"/>
    </person>
    <person id="ped97" type="ped_pedestrian" depart="3229.38">
        <personTrip from="29469679#1" to="590810893#2" walkFactor="0.75" costs="271.94"/>
    </person>
    <person id="ped98" type="ped_pedestrian" depart="3262.67">
        <personTrip from="319623180#1" to="-54072577#1" walkFactor="0.75" costs="156.72"/>
    </person>
    <person id="ped100" type="ped_pedestrian" depart="3329.25">
        <personTrip from="79350826#0" to="590810902#2" walkFactor="0.75" costs="352.46"/>
    </person>
    <person id="ped101" type="ped_pedestrian" depart="3362.55">
        <personTrip from="590807260#1" to="167081602#5" walkFactor="0.75" costs="126.26"/>
    </person>
    <person id="ped102" type="ped_pedestrian" depart="3395.84">
        <personTrip from="29469681#6" to="167081617#1" walkFactor="0.75" costs="78.55"/>
    </person>
    <person id="ped103" type="ped_pedestrian" depart="3429.13">
        <personTrip from="25183514#0" to="-84189421#1" walkFactor="0.75" costs="135.02"/>
    </person>
    <person id="ped104" type="ped_pedestrian" depart="3462.43">
        <personTrip from="247087344#1" to="84189421#1" walkFactor="0.75" costs="13.81"/>
    </person>
    <person id="ped105" type="ped_pedestrian" depart="3495.72">
        <personTrip from="167458463" to="590807255#11" walkFactor="0.75" costs="228.37"/>
    </person>
    <person id="ped106" type="ped_pedestrian" depart="3529.01">
        <personTrip from="29469681#1" to="25912418#0" walkFactor="0.75" costs="173.88"/>
    </person>
    <person id="ped108" type="ped_pedestrian" depart="3595.60">
        <personTrip from="319623180#2" to="514829510#2" walkFactor="0.75" costs="328.29"/>
    </person>
</routes>
